000000000000000000000000000000000000000000001000010000000110001110001110001111010110001111110010001111111100011111111101011111111111000011111111	Sorcerer_通常攻撃_S.bmp
000000000000000000000000000111110000001111111000011111111000011111111100011111111100011111111100011111111000001111111000000111101000000000001000	Scout_スパイダーウェブ.bmp
000000000000000000000000000111110000001111111000011111111000011111111100011111111100011111111100011111111000001111111000000111101000000000001000	Scout_スパイダーウェブ_S.bmp
000000000000000000000000100000011111000011111111000100000001010001111100100111111111000111111111000000011111001111111111111111111110111111111000	Cestus_サイクロンディザスター.bmp
000000000000000000000000100000011111000011111111000100000001010001111100100111111111000111111111000000011111001111111111111111111110111111111000	Cestus_サイクロンディザスター_S.bmp
000000000000000000000000110000000000101000000000000110000000100111111000001111111000001111111000001111111100011111111100011110111101011100011110	Cestus_エンダーレイド_S.bmp
000000000000000000000011000000000111000000001111000000011111000000111111000001111111000001111111000001111111000001111111000001111111000111111111	Scout_フリックショット.bmp
000000000000000000010000000000000000110011100000100111111000001111111100001111111110011111111110011111111110001111111100001111111100111111111000	Sorcerer_エレキドライブ_S.bmp
000000000000000001100000000001100000000001100010000001100110000101100110000101110110000111111110000111111110001111111110001111111110101111111111	Cestus_ショックウェイブ_S.bmp
000000000000000001110000000011111100000111111100100111111100100111111100000111111100000011111100000001111000000110111011001111111111001111111111	Cestus_シャットアウト.bmp
000000000000000001110000000011111100100111111100100111111110100111111100000111111100000011111100000001111000000111111011001111111111001111111111	Cestus_シャットアウト_S.bmp
000000000001000000000011000000000111000000001111000000011111000000111111000001111111000001111111000001111111000001111111000001111111000111111111	Scout_クラッシュショット.bmp
000000000011000000000111000000000111000000000111000001000111000001000011111000101011111100100011011100010101011110010001101110001011110111001010	Scout_エアレイド.bmp
000000000011000000000111000000001111000000011111000000011111000000011111000000011111000000011111000001111111000011111111000000111111000001111111	Scout_クイックビート.bmp
000000000011000000000111000000001111100000011111101000011111101000011111101000011111101000011111000001111111000001111111000000011111000001111111	Scout_クイックビート_S.bmp
000000000011000010000111000111100111011111111111011110000111110000001100110000111110110000111110111001111110111111111100111111111000111111110000	Scout_ポイズンブロウ.bmp
000000000011000010000111001111100111011111111111001100000111000000001110000000111110010000111110111001111110111111111100111111111000111111110000	Scout_ポイズンブロウ_S.bmp
000000000011110000000111111111111110011111111110001111111100001111111100011111111100011111111100011111111100011111111100111111101110110000000111	Sorcerer_レーザーブラスト_S.bmp
000000000110000000000000000000000000000000000000000000110001001111100011111111100011111111000111111110001111111100001111111100011111111000011111	Sorcerer_ブリザードカレス_S.bmp
000000000111000000111111011111111111101111111111000011111111000011111111000111111111001111111111000111111111000001111111000001111111000011111111	Cestus_エナジースフィア.bmp
000000000111000000111111011111111111101111111111000011111111000011111111000111111111001111111111000111111111000001111111000001111111000011111111	Cestus_エナジースフィア_S.bmp
000000001000000000001100000000001110000000001110000000001100000000001000000000001000000000000000000000000000000000011000000000011111000000111111	Sorcerer_アイスジャベリン_D.bmp
000000001011000000001101000000001110000100001111001000001111111000001111111000000001111000000000111000000001111100000001111100000001111100000111	Sorcerer_ファイアランス.bmp
000000001011000000001101000000011110000000011111000000011111000000011111000000001001000000000011000000000011000000000011000000000111000000000111	Sorcerer_ファイアランス_D.bmp
000000001011000000011101000000111110000001111111000011111110000111111100001111111000011111110000111111100000011111000000011110000000101110000001	Scout_バーストキャノン_S.bmp
000000001011000000011101000000111110000001111111000011111110000111111100001111111000011111110000111111100000011111000000011110000000101110000001	Scout_コメットキャノン.bmp
000000001011000000011101000000111110000001111111000011111110000111111100001111111000011111110000111111100000011111000000011110000000101110000001	Scout_コメットキャノン_S.bmp
000000001011000000011101000000111110000001111111000011111110000111111100001111111000011111110000111111100000011111000000011110000000101110000001	Scout_バーストキャノン.bmp
000000001111000000100111000000111111000000011111000000001111000000001111000100000111000010000011111011000011111111100000111111111000111111111000	Scout_パワーシュート.bmp
000000010000000000010000000000000010000000000000000000010000000000110000000001110000000001111111000001111111000001111111000001111111000111111111	Scout_ホワイトバレット.bmp
000000010000110000100000100100000000000000000000010000000001110000000011111000000111111010000111111000000111011010000110011110000110111110111100	Scout_ファストショット.bmp
000000010111000000110011000000100011000000100000000011100001001111100111000111100011000011100001000000100000000000100011000000110011000000011111	Warrior_スラムアタック_S.bmp
000000011111000000001111000000001111000000011111000000011111000000001111000000000111000010000011111111000011111111100000111111111000111111111000	Scout_イーグルショット.bmp
000000100011000000000001000101110000100101110000101100110000101100110011111100111011011000111001011100111001011011110001011011100001111111111011	Sorcerer_ファイア_S.bmp
000000110011000000000001000101110000100101110000101100110000101100110011111100111011011000111001011100111001011011110001011011100001111111111011	Sorcerer_ファイア.bmp
000000110110000001100110010111111110010111111010100011111000100000111000100000110000100000000001110001100000110001110011110000100110110100101100	Sorcerer_フレイムサークル_D.bmp
000000111011000000111001000001110000000001110000010011110110000011111111001111111100001111111000101111111100111111111100111111111100111111111101	Sorcerer_サンダーボルト_S.bmp
000001000111000001111111000000110001000000110000000000011100111000001111011100000111011110000011011111000011011100100000001110111000111111111000	Scout_ブレイズショット.bmp
000001100000000001100000000011100000000011100000000111110000111111111111111111111111000001111000000001110000000001100000000001100000000001100000	Fencer_フィニッシュスラスト_S.bmp
000001100000000001100111000001100111000001100011000001100001111111111111111111111111001001100000011101100000111101100000110001100000100001100000	Fencer_フィニッシュスラスト.bmp
000001100000010011111000001111111100001111111100011111111110011111111110111111111110111111111111111111111110111111111110001111111000001111110000	Sorcerer_スパークフレア_D.bmp
000001100011110000000011111001011110011111111100001111111100001111111100001111111001001111111001001111111000011111011100011111001110110000000111	Sorcerer_レーザーブラスト.bmp
000001111111000011111110000111001100001110001000111100001000111100000000111100000001111100000001000000000010000000000111110010000111100110000011	Warrior_ベヒモステイル.bmp
000001111111000011111110000111001100001110001000111100001000111100000000111100000001111100000001000000100001100000000011110011000111100110000011	Warrior_ベヒモステイル_S.bmp
000010000000010011111001111000101111100011000000000011111100001010001100011100000100000110000111100011111100000010011000100010010000110010100000	Scout_レッグブレイク_S.bmp
000010100011110001000111000000000111111100000111000011000111000001000011111001101011111100100011111100110101111110110001101110011011110111001000	Scout_エアレイド_S.bmp
000011111000000011111110000011111101000011111101000011111101000011111100000111111110000111111110000111111110000011111000000011111000000011110001	Cestus_ハードレインフォース_S.bmp
000011111000000011111110000011111101000011111101000011111101000011111100000111111110000111111110000111111110000011111000000011111000000011110001	Cestus_ハードレインフォース.bmp
000011111111000011111111000001111111000000111111000000011111000000001111000000000110000000000000000001100000000011110000000001111000000001111100	Sorcerer_通常攻撃.bmp
000110000011100110000101001100001110011100001111011000001111111000001111111000000001111000000000111010000001111100000001111100000001111100000111	Sorcerer_ファイアランス_S.bmp
000110000111000100000111001000010101111000000000111000100010010000000110000000001111000000011110000001011110000001111110001111111110001111111011	Cestus_ハームアクティベイト.bmp
000110000111000100000111001000010101111000000000111000100110010000001111000000001111000000011110000001111110000001111110011111111110101111111011	Cestus_ハームアクティベイト_S.bmp
000110001111000010000111000000000011000000000001000000000000000000000011010000000111010000100011000000110011000111010001000010011001000000011001	Fencer_テンペストピアス.bmp
000111001111000010100111000000100011000000010011000001110001100000110011110001111111010001111011010111111011001111011001000111011001000100111100	Fencer_テンペストピアス_S.bmp
000111011111001110111111011100111111011001110111010011101111100111001100101110011001011100000011011000000011110000000000100000000000001000000000	Fencer_通常攻撃_S.bmp
001000110110000001100110010111111110010111111010100111111000100000111000100000110000100000000000110000100011110100101011110000101110110100001100	Sorcerer_フレイムサークル.bmp
001001110000111001110001010001111011111011101011111111101011110001100001000000100001000000000111000000001111100000011011110000000011000000000001	Cestus_タワードミネーション_S.bmp
001001111100011011111000000111111000001111110000011111100000111111000000111110000000111100000000111000000001111000000001110000111111100000000000	Warrior_アサルトエッジ_S.bmp
001001111100011011111000000111111000001111110000011111100000111111000000111110000000111100000000111000000001111000000001110000111111100000000000	Warrior_アサルトエッジ.bmp
001001111100111001110001010001111011111011101011111111101011010001101001000000100001000000000111000000001111100000011011110000000011000000000001	Cestus_タワードミネーション.bmp
001010110110000001100110010111111110010111111010100111111000100000111000100000110000100000000000110000100011110100101011110100101110110100001100	Sorcerer_フレイムサークル_S.bmp
001100100000001001111000000110111101000110111101000100001101100000011011100000010011110000010111110000010111110000010111111000010111111000010111	Fencer_エリアルフォール.bmp
001100100000001001111000000110111101000110111101000100001101100000011011100000010011110000010111110000010111110000010111111000010111111000010111	Fencer_エリアルフォール_S.bmp
001100101110000000000010000010010000001001010011001100000000100110110001000101110110111010010011000010001000111001100001011101100110000111011111	Scout_レッグブレイク.bmp
001100110010011111000000111000000000100000000001000000010011001111100111111111000111111110000111011100001111111100001111111000011111111000011111	Sorcerer_ブリザードカレス.bmp
001101101100001101001101101101001111111101001111111101001111111101001111111001000111111001000111111001000111101000000001000000000000000000000000	Warrior_アタックレインフォース.bmp
001111000011011110000010111100000001111000101000111001110100111011101111010111000000001110000000011101000100111001111000110001110001100011110011	Warrior_通常攻撃.bmp
001111000011011110000010111100010001111000111000111001110100111011100110110111000000101110000001011101000110111001111000110001110001100011110011	Warrior_通常攻撃_S.bmp
001111001100000100000001000000000000000000000010000000000011000000000111000000001110000000011100000000111001010010111010000110110000100100100101	Warrior_ブレイズスラッシュ_S.bmp
001111001110111110010100111100100000111000000000110000000000110000000000100000000001000000000011000000001111000000011111000000111111000001111111	Fencer_デュアルストライク.bmp
001111011111011110111101011100111011011001110111111011100000110101000000101000000001000000000001000000000001000000000001000000000000000000000000	Fencer_通常攻撃.bmp
001111111011001111110001001111110000101111110000110111110110111111111111100111111100001111111000101111111000111111111100111111111100111111111001	Sorcerer_サンダーボルト.bmp
010000000000010000000000000000000000000000000000000000000000000000000111000001001111000001111110000001111110111011111110111111111110111111111100	Sorcerer_グラビティキャプチャー.bmp
010000000000010000000000000000000000000000000000000000000000000000000111000001001111000001111110000001111110111011111110111111111110111111111100	Sorcerer_グラビティキャプチャー_S.bmp
010000000000010000000000000000000000000000000000000000000000000000000111000001001111000001111110000001111110111011111110111111111110111111111110	Sorcerer_グラビティキャプチャー_D.bmp
010010111101010011000100010011100100010011100100010011100100010011100100010011110100010011110100010011110100010011110100010001110100010000110100	Scout_ドッジシュート_S.bmp
010010111101010011000100010011100100010011100100010011100100010011100100010011110100010011110100010011110100010011110100010001110100010000110100	Scout_ドッジシュート.bmp
011000000011001100011001001111111000011111111100111111111100111111111100111111111110111111111111111111111111111111111000001111110000000000000001	Sorcerer_ライトニング.bmp
011000000011001100011001001111111000111111111100111111111110111111111100111111111110111111111111111111111111111111111100001111110000000000000001	Sorcerer_ライトニング_S.bmp
011000010011111010100110100100000101010100000010110000000101110000001011111000000111111110000111111110000111011110000111111110000111111110111111	Scout_ファストショット_S.bmp
011100100000001110100000001111110011111111110110011111111100011111111101111111111110011111111111001111111101111111111000111111101100111111100100	Warrior_ソードランページ.bmp
011100100000001110100000001111110011111111110110011111111100011111111101111111111110111111111111001111111101111111111000111111101100111111100100	Warrior_ソードランページ_S.bmp
011100111000011111100000111100000001110000000011000000000011000000000111000000000111000000000111000000001111000000001111000000011111000000011111	Sorcerer_ブリザードカレス_D.bmp
011101111010011101110100001111111111001111111111001111111111001100000000000000000000000000000000000000000001000000000011000000000111011111001110	Warrior_シールドバッシュ_S.bmp
011101111011011101110110001111111111001111111111001111111111001100000000000000000000000000000000000000000001000000000011000000000111011111001110	Warrior_シールドバッシュ.bmp
011110000111111110000110111100001100111100001100111000011100111000011000111000011111111000011111111000001100111100001100111100000110011100000111	Fencer_シャイニングクロス_S.bmp
011110000111111110000110111100001100111100001100111000011100111000011000111000011111111000011111111000001100111100001100111100000110011100000111	Fencer_シャイニングクロス.bmp
011110001001111001110001110011100011111111000111011111001111111110001111111110001111110111001111100001100111000000100111000000110011100000110011	Sorcerer_ジャッジメントレイ_S.bmp
011111000000001111000000101111000000111011000010111011100011111111100111110111001110100110011100101000111000000010110000000110100001100100000001	Warrior_ブレイズスラッシュ.bmp
011111000000011111000000001110000100111110000100110100000000111100000000100000000000100000000000000000000000000000000000100000000000000000000000	Sorcerer_サンダーボルト_D.bmp
011111011100111001101100110111111000101111110000101111010000011111010010111111010010111111010110011111011100000110011110100010011001110000000001	Scout_アームブレイク.bmp
011111011111111110111111111100111011111001110111110011101110100111001100101110011001001100000011011000000111110000011111100000111111000001111111	Fencer_デュアルストライク_S.bmp
011111110000000011110000000011100000010011100000100010000111110000001111111000011111111000000011000001100001000001111001000001111000000000000000	Scout_ポイズンショット.bmp
011111111000011100111110011100001111011100011111011101111100011111110000011111000000011111100000011101110000011100111000011100011100011100001110	Fencer_アクセラレーション.bmp
011111111000011100111110011100001111011100011111011101111100011111110000011111000000011111100000011101110000011100111000011100011100011100001110	Fencer_アクセラレーション_S.bmp
011111111000011111111000011111111000011111111100001111111000111111111111111111111111011111100010011111100000011111110000001111110000001111110000	Sorcerer_アイスターゲット_S.bmp
011111111000111111111000111111110000111111100011111111000111111110001111111100011111111000111111110001111111100011111001000111110111001111011111	Scout_トゥルーショット_S.bmp
011111111100000011111000011011110001011011000011101000000111110000001111111000001111110000000011000001111001000001111101000001111100000000011100	Scout_ポイズンショット_S.bmp
011111111100011111111100011101101100001010010100000001001100000000001100001010010100001101101100001111111100001111111100001111111100000110011000	Warrior_ガードレインフォース_S.bmp
011111111100011111111100011101101100001010010100000001001100000000001100001010010100001101101100001111111100001111111100001111111100000110011000	Warrior_ガードレインフォース.bmp
011111111111111111111111011111111011010111111001001111111000001111111000001111111000000000000000000000000000000000000000000000000000000000000000	Warrior_エンダーペイン_S.bmp
100000000000100001100000100001100000000001100000000001100110000001100110000001100010000101110110000111111110001111111110101111111110101111111111	Cestus_ショックウェイブ.bmp
100000000000110000000000111000000000110011000000110111100000110111110000100111111000100111110000100111110110000111100111001111100111001111101111	Cestus_ゲイザースマッシュ.bmp
100000000000110000000000111000000000110011000000110111100000110111110000100111111000100111110000100111110110000111100111001111100111001111101111	Cestus_ゲイザースマッシュ_S.bmp
100000000001000000000001000000000011000000000111000000001111000000011111000000111111000000111111000100011111001111001111011111001111001111000111	Sorcerer_ジャッジメントレイ_D.bmp
100000000001100000000001100000000001000000000000000011110000011111111111110111111011110111111011100111111001100111111001100111111001001111111100	Scout_パワーブレイク_S.bmp
100000000011110000110011111000000011011000001110101010110100110101111000110001111100010011111100001111111110000111111111000011111110100000110001	Scout_ダガーストライク.bmp
100000010000000100110000001000000011110111110011100111111100001111111100011111111110011111111110011111111101001111111100001111111100111111111100	Sorcerer_エレキドライブ.bmp
100000110000000100111000011001001111110111110011100100001100001000000100011000000010010000000011010000000001110000000011110000000110000000001110	Sorcerer_エレキドライブ_D.bmp
100000110000100001111001000011101011000111010111001111111111011101011110111010111100110011111000111111110000110111110001111111100000111111000011	Warrior_フォースインパクト.bmp
100000110000100001111001000011101011000111011111001111111111011101011110111010111100110011111000111111110000110111110000111111100000111111000011	Warrior_フォースインパクト_S.bmp
100001010011110000110011111000110011111000001110111010010100111100111000110001111100110111111100001111111110000111111111000011111110100001110001	Scout_ダガーストライク_S.bmp
100001100011101001011001101111111000111001101111011111111110011111111111100111111001110111111011011111111110111101101111101101101111101101011001	Sorcerer_フリージングウェイブ_S.bmp
100001100011101001011001101111111000111001101111011111111110011111111111100111111001110111111011011111111110111101101111101101101111101101011001	Sorcerer_フリージングウェイブ_D.bmp
100001100011101001011001101111111000111001101111011111111110011111111111100111111001110111111011011111111110111101101111101101101111101111011001	Sorcerer_フリージングウェイブ.bmp
100001111111001000010001000000010111000000000111000000010000000000110000000001110000100001111111100001111111100001111111100001111111100111111111	Scout_ホワイトバレット_S.bmp
100011000111010001111111000101111001000100111000000000011100111000001111011100000111011110000011011111000011011100100000001111111000111111111000	Scout_ブレイズショット_S.bmp
100011101000010111111100001111111100011111111110011111111111111111111111111111111111111111111111111111111110111111111110111111111100001111110000	Sorcerer_スパークフレア_S.bmp
100011101000010111111100001111111100011111111110011111111111111111111111111111111111111111111111111111111110111111111110111111111100001111110000	Sorcerer_スパークフレア.bmp
100100000001001000001111000000001111000000110011000001110001000000110011000000001110100001101110100001110000100001110001100001111011101111111111	Scout_ラッシュバレット.bmp
100100000001001001000011000000000111000000001111000000011111000000111111000001111111100001111111100001111111100001111111100001111111100111111111	Scout_フリックショット_S.bmp
100100000101001000001111000000001111000000110011000001110001000000110011000000001110100001001110100001100100100001110000100001110001101111111011	Scout_ラッシュバレット_S.bmp
100100011101001000010011000000000111000000001111000000011111000000111111000001111111100001111111100001111111100001111111100001111111000111111111	Scout_クラッシュショット_S.bmp
100110011000110110011011010011011011010010001011011111111110011111111110111111111000111111100011111111100110111111100110101111100110100111100100	Cestus_インテンスファイ_S.bmp
100110011000110110011011010011011011010010001011011111111110011111111110111111111000111111100011111111100110111111100110101111100110100111100100	Cestus_インテンスファイ.bmp
101100000001000000100001110001000011100110000111001000001111011100011111110100011111100010011111000001001111000000001111000000100111100000010111	Sorcerer_ジャッジメントレイ.bmp
101100000010011000000011111000000011110000000110110000001110100000011111000111111111011111111111011111111111000111111111000001111111000000000000	Cestus_ホーネットスティング_S.bmp
101100000010011000001011111000000011110000000110110000001110100000011111000011111111001111111111000111111111000011111111000001111111000000001110	Cestus_ホーネットスティング.bmp
101100100000000000000000000000000000000000000010100000001001100000001001000000101001000000111001100011111000110001111000110000100100110100110000	Cestus_ドレインクロー.bmp
101100100001110010001101010011001111011001100110001100100011000100001011000110001001000010101001100011111001111001101000111000110000110000111000	Cestus_ドレインクロー_S.bmp
101101101100001101101100101101101101101101101101101101001101101101001101101101001101111101001111101101001111001101001001001101001100001101001100	Warrior_アタックレインフォース_S.bmp
101111111100011111111110111101101111111001100111110001100011000101100000110101100000000101100000000001100000000001100000000001100000000001100000	Fencer_オブティンプロテクト_S.bmp
101111111100011111111110111101101111111001100111110001100011000101100000110101100000000101100000000001100000000001100000000001100000000001100000	Fencer_オブティンプロテクト.bmp
101111111110101111111110100111111111100111111111100011111111100000111100100000000000000000111000011000011110111000011111111100011111111110001110	Fencer_ストライクダウン.bmp
101111111111101111111111101111111111101111111111100111111111100000111111100010000000000000000000000000000000000000000000000000000000000000000000	Fencer_ストライクダウン_S.bmp
110000000000100000000000000000000100001000000111011000000111110000000111110000000111110000000111110000000011100000000011100001000011100011100011	Cestus_エンダーレイド.bmp
110000000001100000000100001000000110011000000111011000000111111000000111110000000111110000000111110000000011100000000011100001000011100001100001	Warrior_エンダーペイン.bmp
110000000001100000000100001000000110011000000111011000000111111000000111110000000111110000000111110000000011100000000011100001000011100001100001	Warrior_ソリッドウォール.bmp
110000000011100000000001100000000001000000000000000000000000000000000000110111111011110111111011100111111001100111111001100111111001001111111100	Scout_パワーブレイク.bmp
110000000011100001100001111111111000111110011100001111101100010110001010010010001010011010001110001100001110000110011110000011111000100000000001	Scout_ヴォイドダークネス.bmp
110000000011100001110001111111111000111110011100001111101110010110001010010010001010011010001110001100001110000110011110000011111000100000000001	Scout_ヴォイドダークネス_S.bmp
110000010001000000000011100000000111110000000111110000000011000000000001000000000000000000000000000000000000000000000000000000000000000000000000	Scout_ハイド.bmp
110000010001000000000011100000000111110000000111110000000011000000000001000000000000000000000000000000000000000000000000000000000000000000000000	Scout_ハイド_S.bmp
110000011001101000000111111100001111111000011111111000111111110000110011110000001111111000111111111100011111111100001001111100001000111100010001	Warrior_アークスタンプ.bmp
110000011001101000000111111100001111111000011111111000111111110000110011110000001111111000111111111100011111111100001001111100001000111100010001	Warrior_アークスタンプ_S.bmp
110001100000111011100000110000000000000110000000001111111100111111111111011111111111011111111111011111111111011111111111111111111111111111111111	Cestus_通常攻撃.bmp
110001100000111011100000110000000000000110000000001111111100111111111111011111111111011111111111011111111111011111111111111111111111111111111111	Cestus_通常攻撃_S.bmp
110001100011110011100011110011100011110001100011110011100011111011100011011001100011011101110011001100110011000110111111000010011111100000001000	Scout_パニッシングストライク_D.bmp
110001101111110011101111110011100011110011100011110011100011111011100011011001100011011101110011001100110011000110111111000010011111100000001000	Scout_パニッシングストライク_S.bmp
110001101111110011101111110011100011110011100011110011100011111011100011011001100011011101110011001100110011000110111111000010011111100000001000	Scout_パニッシングストライク.bmp
110001111100100011111000000111111000001111110000011111100000111111000000111110000000111100000000111000000001111000000001100000011111100000000001	Warrior_エクステンブレイド.bmp
110001111100101011111000000111111000001111110000011111100000111111000000111110000000111100000000111000000001111000000001110000011111100000000001	Warrior_エクステンブレイド_S.bmp
110110011110100000001100001111001000001111100001011111000001011111000011111111100010111111000010011111000110000110001110000110011000100000000000	Scout_アームブレイク_S.bmp
111000001011110000011101100000111110000001111111000011111110000111111100001111111000011111110000111111100000011111000000011110000001101100000001	Scout_スウィープキャノン_S.bmp
111000001011110000011101100000111110000001111111000011111110000111111100001111111000011111110000111111100000011111000000011110000001101100000001	Scout_スウィープキャノン.bmp
111000001111110000111111000111111111111111111111110001110011110000001011100000011001000111111001111111000000110000111110111000000001111100000011	Fencer_ラピッドファンデヴ.bmp
111000001111110000111111000111111111111111111111110011110011110000000011100000011001000111111101111111000000111000111100111110000001111100000011	Fencer_ラピッドファンデヴ_S.bmp
111001000010111100000001011000000011000000000111000000001111000010011111000010001111000001100011001000110000001000000110000100000011100100000111	Warrior_ヘビースマッシュ.bmp
111001111111110000000011110000111110110000011111110000001110111000001110111100000110111000000000110000000000110000000000100000010001100000011001	Cestus_ソリッドストライク.bmp
111100000000110000000000100000000110000000001111000000011111000000000111000000000011000000000111000000001111000000000111000000001111000000011111	Sorcerer_ライトニングスピア_D.bmp
111100000011110000000001100000000110000000001111000000011111000010000111000011000011011111100001101100000011100000000111000000001111000000011111	Sorcerer_ライトニングスピア.bmp
111100111100111101111100111011111000110111110000101111110000011111100001111111000011111110000011111100000111111100000111111000011111111000011011	Warrior_ソニックブーム_S.bmp
111101000000111101000000111100000000111000000000110100000000001100000000111100000000111110000000111100000001111011000011110111000111111111101111	Warrior_ドラゴンテイル.bmp
111101000000111101000000111100000000111000000000110100000000001100000000111100000000111110000000111100000001111011000011110111000111111111101111	Warrior_ドラゴンテイル_S.bmp
111101000000111101000000111100000001111000000001110100000011001100000011111100000000111110000000111100000000111011000000110111000000111111000110	Warrior_クラックバング.bmp
111101000000111101000000111100000001111000000001110100000011001100000011111100000000111110000000111100000000111011000000110111000000111111100110	Warrior_クラックバング_S.bmp
111101000011111111000000011111000110000111111110000011111100100001110001011000111010101100010100000000001100000001001100001111000011001110101101	Scout_通常攻撃_S.bmp
111101011111111110111111110000111111111001111111110011101110100111011100101110111000011101110000011010000000110000000000100000000000001000000000	Fencer_フラッシュスティンガー_S.bmp
111101110011110011100001101111000110011110001111111111011111011111100111001111111011111111110001111111100011111111000111111110001111111100011111	Sorcerer_ライトニングスピア_S.bmp
111101110011111000000001110000000000110000010000100000000000100000001000100000000000000000000000000000000001000000000111100011111000111111101100	Fencer_ペネトレイトスラスト.bmp
111110000000000000000000100000000001100000000000110000000000111000100000110001100000110011100000100111010000101100111000101011111001100111111101	Warrior_スマッシュ.bmp
111110000000111100000000111000000000110011110001100111100001001111000011011110000011111100000111111100001110111000001111110000001111100000011111	Warrior_ソニックブーム.bmp
111110000010111111000000111111000001111110000000111100000000111000100000110001110000110011100100100111000110101100110011101001111011100011111001	Warrior_スマッシュ_S.bmp
111110000011111110000001111110101110111111100111111111000111001111000111011111000110001110001100001110001111100100000000110010011100100000111111	Sorcerer_アイスジャベリン.bmp
111110000011111110100001111111100110111111100111111111000111001111000111011111000110001110001111001110001111100100000010110010001100100000001111	Sorcerer_アイスジャベリン_S.bmp
111110000110111100001100111000011000110000110000100001100000100011000001110110000011110000000111111111110111111111101111111111001111111110011111	Scout_アローレイン_S.bmp
111110011110111000111000110011110000000111100000011110000000111100000000111000000000111100000000011110000000000111100000000011110000000000111000	Fencer_ヴィガーエイド_S.bmp
111110011110111000111000110011110000000111100000011110000000111100000000111000000000111100000000011110000000000111100000000011110000000000111000	Fencer_ヴィガーエイド.bmp
111111000010000000000000000000000001000001100001000011000001000110000000101100110000111001110000110011110100100111101011100111101111100111101101	Warrior_クランブルストーム.bmp
111111000010000000000000000000000001000001100001000011000001000110000000101100110000111001110100110011110110110111101011110111101111110111111101	Warrior_クランブルストーム_S.bmp
111111000011111111000000001111000110000111111110000011111100100001110001011000111010101100010100000000001101000111001100001111000011001110101101	Scout_通常攻撃.bmp
111111001000011110000000111100000000111000000000100000000000000000000001000000000011100000001111001101001111010011001111101110011111011100111111	Scout_アローレイン.bmp
111111001111111110010111111010000111000010000111100010001111000011011111000111000111101111100011001111111000001111111111000111111111000111111111	Warrior_ヘビースマッシュ_S.bmp
111111010000111111001000111111000000111111000000111111000000111111000000111111000000111111000000111111000000111111000000111111000000111111000000	Fencer_リバースキック.bmp
111111010000111111001000111111000000111111000000111111000000111111000000111111000000111111000000111111000000111111000000111111000000111111000000	Fencer_リバースキック_S.bmp
111111010001111111110001111111100000111111100000000001100001000111000111000111000001000000100000111111100000111111100000111111110001111110010011	Warrior_スラムアタック.bmp
111111010011101110010001111101100000111111000000111111101000111111100000110111110000110100000000100010001100000100000101100110000001100010000001	Sorcerer_ヘルファイア.bmp
111111010011101110010001111101100000111111000000111111101000111111100000110111110000110100000000100010001100000100000101100110000001100010000001	Sorcerer_ヘルファイア_S.bmp
111111010011111110010001111101100000111111000000111111101000111111101000110111110000110100000000100011011100100100000101100110000001100010000001	Sorcerer_ヘルファイア_D.bmp
111111011111111110111111111100111111111001110111110011101110110111001100101110011000001100000000011000000000110000000000100000000000000000000000	Fencer_フラッシュスティンガー.bmp
111111100000111111100000011111100000111111100000111111000010111110001111111100011111111000111111110001110111100011000011000110000011001000000001	Scout_トゥルーショット.bmp
111111100000111111100111011111100110111111110010111111111001111111111100100011111110001001111111010101000000100100000000000000000000100000000000	Cestus_ノックインパクト_S.bmp
111111100000111111110000111110000000111100000000111000000000110000110011000001100011000011100011000111000111001110000111011100001111111000011111	Scout_ピアッシングシュート.bmp
111111100001011111110001011111110000001111110000001101110000111111111111111111111111100101100000000101100000011101110000011101100001111101100011	Sorcerer_アイスターゲット_D.bmp
111111100001111111110011111000111010110000011100000000111110000001111111000011110011000111100011001111000001011110000001111110000111111100000111	Scout_ピアッシングシュート_S.bmp
111111100010111111100111011111100111111111100011111111110001111111111100100011111110001001111111010100000000100100000000000000000000100000000000	Cestus_ノックインパクト.bmp
111111110000111001111100111000011111111000000111111000000011111000000011111000000011111000000011111000000011111000000011111000000011111000000011	Fencer_イレイスマジック.bmp
111111110000111001111100111000011111111000000111111000000011111000000011111000000011111000000011111000000011111000000011111000000011111000000011	Fencer_イレイスマジック_S.bmp
111111110000111111100000111111000000111111000000111110000011111111000011111111000001111111000001111111100000100011100000110000100000000000110000	Warrior_ストライクスマッシュ_S.bmp
111111110000111111100000111111000000111111000011111110000011111110000011111110000011111110100001111110110001000000110000000001110000000000111000	Warrior_ストライクスマッシュ.bmp
111111110000111111111000000111111100011110000000011100000000111000000000110001110000011001111000001110010000001110000001001100011111111000111111	Sorcerer_メテオインパクト.bmp
111111110000111111111000000111111100011110000000011100000000111000000000110001110000011001111000001110010000001110000001001100011111111000111111	Sorcerer_メテオインパクト_S.bmp
111111110000111111111000100111111100011110000000011100000000111000000000110001110000011001111000001110010000001110000001001100011111111000111111	Sorcerer_メテオインパクト_D.bmp
111111110011111100110001111100110000111100110000111100100000101100000000001100001100011100111100111111111000111111111000111111111000111111110000	Sorcerer_アイスボルト_S.bmp
111111110011111100110001111100110000111100110000111100100000101100000000001100001100011100111100111111111000111111111000111111111000111111110000	Sorcerer_アイスボルト.bmp
111111110011111110010111111000001011111100110100110000000000100000001000100000000000000000000000000000000001000000000011100011111001111111101111	Fencer_ペネトレイトスラスト_S.bmp
111111110111111111100111100000010110100000101000100001110000000101110000011010110001011111000001011110100001101111000001100111001001001010000001	Sorcerer_詠唱.bmp
111111110111111111100111100000010111100000101000100011110100000101111000011010110001011111110001111110100001101111010001100111001001001010000001	Sorcerer_詠唱_S.bmp
111111111000011111110000011111111000011111111000001111111000111111111111111111111111011111100010011111100000011111110000001111110000001111110000	Sorcerer_アイスターゲット.bmp
111111111110000111111000000000000001100000000001100000000011110000000011100000000011100000000011100000000011000000000001000000000001001111111000	Sorcerer_レーザーブラスト_D.bmp
111111111110011111111110000000111110000001111111000011111111000011101111000111101111000111000111001110000011001110000011011100001111011000011111	Cestus_アースバインド.bmp
111111111110011111111110000100111110000001111111000011111111000011101111000111101111000111000111001110000011001110000011011100001111011000011111	Cestus_アースバインド_S.bmp
111111111110111111111110111111111110111111111011110111111000111001111110111100011110111110000010111111000011111111100000110111100000010001110000	Scout_パワーシュート_S.bmp
111111111111111000000011111000011100111000011110111000001110111100000100111110000000111111000010111111100000111111110011110001111011110000111101	Cestus_ソリッドストライク_S.bmp
111111111111111011111111111101111110111111111110111111111100110011110000100001110000100000100000100000100000110000000000011000000000011100000000	Scout_ヴァイパーバイト.bmp
111111111111111011111111111101111110111111111110111111111100110011110000100001110000100000100000100000100000110000000000011000000000011100000000	Scout_ヴァイパーバイト_S.bmp
111111111111111111111111011111111111011111111111111111111111111111111111111011110111110000000111100000000011100000000011100001000001100001100001	Warrior_ソリッドウォール_S.bmp
111111111111111111111111111000000111111000000111111000000111111000001111110000011111110000001111111000000111111110000011011111000010011111000110	Scout_ガードブレイク_S.bmp
111111111111111111111111111000000111111000000111111000000111111000001111110000011111110000001111111000000111111110000011011111000010011111000110	Scout_ガードブレイク.bmp
111111111111111111111111111101111111111100111111110000011111111000001111111100000111111110000011111111000011111111100000111111111000111111111000	Scout_イーグルショット_S.bmp
	
