0000001100110100011001110000111011110001111011000111001010101111011000001111111010011111001000011110001000101100111000101	Warrior_ベヒモステイル_S.bmp
0000001111100000001111100110011110010110111100011110111000110111110000110111100100010111001110010110001011010110000011101	Scout_ポイズンショット_S.bmp
0000001111100001001011100011001001110010010001110101011001100011100001100011100001100001001011100000001011110001100111110	Warrior_ガードレインフォース_S.bmp
0000001111100001001011100011001001110010010001110101011001100011100001100011100001100001001011100000001011110001110111110	Warrior_ガードレインフォース.bmp
0000011100010100001100100111000010100111100001101111000110111100001110011000011100010000111100010001111000000011110000000	Scout_ピアッシングシュート_S.bmp
0000011110000111000000001110000000011000000000010001101100010110001111101100000000111001100000110000000001100100001111100	Cestus_サイクロンディザスター.bmp
0000011111100000011111100110011110000110111100001110111000100111110000110111100100011110001110011110001111011100001011011	Scout_ポイズンショット.bmp
0000101111110000100111110000100111010000000111010000000111010000000111100100110111110000110111110000011111110000001111110	Cestus_ハードレインフォース_S.bmp
0000101111110000100111110000100111010000000111010000000111010000000111100100110111110000110111110000011111110000001111110	Cestus_ハードレインフォース.bmp
0000110001100001100101000011001110000110011100101110011001101101110011011011100100010011011000110110100000111111000110110	Fencer_デュアルストライク.bmp
0000110001110001100101010011001110000110011100100110011001101101110011001011100110010011011000010110110000011111000000010	Fencer_通常攻撃.bmp
0000110001110001100101010011001110010110011100110100011001101001110011011011100110010011011000100110110000101111100010110	Fencer_通常攻撃_S.bmp
0000110010110000110110110100100110010100101110010000001110100000010110100000000110100101001100101100011100111100011100011	Warrior_エンダーペイン_S.bmp
0000110100110000011111100000011111100000101111100000011111100000011111100001010111100000011111100000001111100000011111100	Scout_スパイダーウェブ.bmp
0000110110100000011111100000011111100000011111100000011111100000011111100001011111100000011111100000011111100000011111100	Scout_スパイダーウェブ_S.bmp
0001011111000000001111000001111111000001001111000001001111000110100000110001011100110101011110100001001110010001001111010	Sorcerer_アイスターゲット_S.bmp
0001111000010011111100100111110010001111100111001111001001101100011000111000111100010001111000100011011111101110001110001	Warrior_通常攻撃.bmp
0001111000010011111100100111110010001111100111001111001101101100011000101000111110010001111000100011011111101110001110001	Warrior_通常攻撃_S.bmp
0001111001100001110100001000111100101110011100100110001100110100011001101100110011101011100111000110100110100100101100001	Warrior_ブレイズスラッシュ.bmp
0010000111110100001011110000111011110001111011100111001010101111011000001111111010011111001000011110001000101100111000101	Warrior_ベヒモステイル.bmp
0010001100100010001100100100001110110100100110101100100111101101000111101101001110001101001010001101001010000101101000101	Sorcerer_フレイムサークル_S.bmp
0010001100100010001100100100001110110100100110101100100111101101000111101101001110001101001010001101001110000101001000101	Sorcerer_フレイムサークル.bmp
0010001100100010001100110100001110100100100110101100100111101100000111001101100110001101001110001101001110000101001100101	Sorcerer_フレイムサークル_D.bmp
0010001100111100011000111100000100101100001011001000001111000100101110010010111110010001101110011001110110001001111010011	Sorcerer_詠唱_S.bmp
0010011011110010000111110001100111100001011110100110011101100100111000000101110000100111000000100110001001001100000000011	Warrior_アサルトエッジ.bmp
0010011011110110010111110001101110100001011110100110011100100100111000000101110000100111000000100110000001001100000001011	Warrior_アサルトエッジ_S.bmp
0010100110010111001100010111001100010000001100011000011000010000111000010000011000010001001110000011001100010011001100011	Warrior_スラムアタック_S.bmp
0010110001110101100101010111001110000110011100101100011001101001110011011011100110010011011000110110110000111111000110110	Fencer_デュアルストライク_S.bmp
0010111001100001110100001010011100100110011100100110001100110100011001111100110011100111000111010110100110100100101101101	Warrior_ブレイズスラッシュ_S.bmp
0011000100000111100100001110011010101101100101101110100011001010110010001011011000101101011100011100000000011100000110011	Fencer_ペネトレイトスラスト_S.bmp
0011000100010111100100011110001010001101100101101110100011001010110010001011011000101101011100011110000000011100000110010	Fencer_ペネトレイトスラスト.bmp
0011000110010011000111011001001101101100001100101100001100101100001001110000000111101000000111100001000011100100000011100	Sorcerer_サンダーボルト.bmp
0011000110011001000111011001001101101100001100100100001100101000001001110000100111100000100111100000000011100000000011100	Sorcerer_サンダーボルト_S.bmp
0011000111100011000001110011110000110011000011110011001111100000011111100000111011100011011111100011001111100011000011100	Fencer_アクセラレーション_S.bmp
0011000111100011000011110011110000110011000011110011001111100000111111100000111011100011011111100011001111100011000011100	Fencer_アクセラレーション.bmp
0011001010010011100011000001100111100000100111100000011011100100001111100100001111100100001111110001001111010001011111110	Sorcerer_ライトニング_S.bmp
0011001011011010001011011100100011011001100011011101100011011110000110011110000100011110000100011110000100110110000100110	Fencer_エリアルフォール_S.bmp
0011001011011010001011011100100011011001100011011101100011011110000110011110000100011110000100011110000100110110000100110	Fencer_エリアルフォール.bmp
0011001110011001101000010100000100101110000100101101010010011101000011010110001011011100000011001110010011000111001011100	Cestus_ドレインクロー.bmp
0011010011100111011011101100001111101000110111001001110110000011110110100111110100100111110101110000110011101100110011001	Scout_アームブレイク.bmp
0011010011110001101011101100101100001100010010011100000000011110000000011100000000011100000000011100001000010000100110010	Sorcerer_レーザーブラスト_D.bmp
0011100011000111001110001110011100010000111000110011110000100101100000101100110000101101011000111001001000111001001100101	Sorcerer_ジャッジメントレイ_S.bmp
0011100011100111100111100110001110101100001100001000011110010010111110010101111100110111011001100111111011010111110000011	Warrior_ソニックブーム.bmp
0011101000110010010100110110110110110011010100101001101100001101001100110111000100111110110110101110011010000011011001110	Scout_レッグブレイク.bmp
0011101000110110001110001100001111001000000111101000000111101000000111100100000011000110001111000100100110111000000110110	Cestus_シャットアウト.bmp
0011101100010001101100010000101100110100001101110000000011110000000011100100000010110000000010010001010110000110011011100	Warrior_ソードランページ.bmp
0011101100100110001110001100001111001000000111101000000111101000000111100100000011000110001111010100100110111000000110110	Cestus_シャットアウト_S.bmp
0011101100110011101111100111110010001110000100010100001100000000111100001011111000100011111000100111110000100111000000100	Sorcerer_ブリザードカレス_S.bmp
0011101110000001101100010000001100100100001101100000000011100000000011100110000000110000000010010001010111000000001011100	Warrior_ソードランページ_S.bmp
0011101110100011111111100111110010001110000100010100001100010000111100011011111000010011111000110011110000110111100001110	Sorcerer_ブリザードカレス.bmp
0011101111100011001111000111001110000110011100010101111000100101110001100111100110100110001110001100011110011000111100010	Scout_トゥルーショット_S.bmp
0011101111100011111111101111110000001111000000011100001100010000111100011010111000010001110000110111110000110111100001110	Sorcerer_ブリザードカレス_D.bmp
0011111010000001111011000011111001100011111000011011110000110011110000110011110001111000100001011001100010101100100011101	Sorcerer_アイスジャベリン_S.bmp
0011111011100011110011101111100111101111001111001110011110011100111100011101111000010101111000110101011000110100110000110	Scout_アローレイン.bmp
0011111100100111111001100111110001101111110011101111100111101111100110101111100000111111110011101111110011100111111001110	Fencer_シャイニングクロス_S.bmp
0011111100100111111001100111110001101111110011101111100111101111100110101111100010101111110011101111110011100111111001110	Fencer_シャイニングクロス.bmp
0011111110010011111111000011111101101001111101101101101100101111100101101100000011001000000011001000000011101100000011100	Sorcerer_サンダーボルト_D.bmp
0100000000110000111000110001101000010001110100010111100001100111000011100111001000100110000001101110000011101100000111100	Scout_ポイズンブロウ.bmp
0100000110000100010011000100000001100100000000100000000000100000000000100100000000100000000000100000000000100100000100110	Sorcerer_スパークフレア_D.bmp
0100001100110100001100110100001100010100001100010100001110010100100000110010001100110011001110100111001110101111001110001	Fencer_フィニッシュスラスト.bmp
0100010110000100000011000100000101100100000010110000000000100000000000100100000000100100000000100100000110100000000010110	Sorcerer_スパークフレア_S.bmp
0100010110000100010011000100000001100000000010110100000000100100000000100100000000100100000000100100000100100100000110110	Sorcerer_スパークフレア.bmp
0100011000110100011000110100011000010110011000010110011100010110001100010011001100110011001100010001100100010000110001111	Scout_パニッシングストライク.bmp
0100011000110100011000110100011000010110011000010110011100010110001100010111001100110011001100010001100100010000110101111	Scout_パニッシングストライク_S.bmp
0100011111000111000000001110000000011000000000010001101100010110001111101100100000111000100000110000000001100000001111100	Cestus_サイクロンディザスター_S.bmp
0100011111100000011111000001001110000100011100000100111000010101110000010011100100110110001000011100011100011000111100010	Scout_トゥルーショット.bmp
0100011111100100001110110000011110010100011111000100001111100000100000110010001110110010001110100111001110101100001110001	Fencer_フィニッシュスラスト_S.bmp
0100100000010000111000110001111000010011100000010011100001110111000011100111001100100110001001101110000011101100000111100	Scout_ポイズンブロウ_S.bmp
0100101110010100101111011101001100101001001110101011101110000011000110010011000110010011100110010010100110010010001100010	Sorcerer_ファイア_S.bmp
0100101110010100101111011101001100101001001110101011101110000011100110010011000110010011000110010010100110010010001100010	Sorcerer_ファイア.bmp
0100110000110100111000110100101100011100001110001100000110011100000100010110001000010101001110010000110110010000110110011	Fencer_テンペストピアス.bmp
0100110110001001100110001011011011001110110011000110111010000100111110101101111110101100110001001100111001011101111000011	Sorcerer_ヘルファイア.bmp
0100110110001001100110001011011011001110110011000110111010000100111110101101111110101100110001101100111001011101111000011	Sorcerer_ヘルファイア_S.bmp
0100111000110100101000110100101100011100001100011100000110001100000110110110001010110101001110010000110110010000110111011	Fencer_テンペストピアス_S.bmp
0101110010000101111011100101111001100111111001110011110001110011010010110001110011110000100001011001100110101100100011111	Sorcerer_アイスジャベリン_D.bmp
0101110011101111011011100000011011100000111011010001111010000011111110100011111100100011110100110000110011111100110011001	Scout_アームブレイク_S.bmp
0101111010000101111011000111111001100111111001110011110001110011110000110011110001110000100001011001100010101100100011101	Sorcerer_アイスジャベリン.bmp
0110000000010111000000111110000001111111000010111011100010111011100010110111100010111010000000111110001110110110100010110	Scout_クイックビート.bmp
0110000010010111000000111110000000111111000010111011000010111011100010110111110010111110010010111010001100110110100010110	Scout_クイックビート_S.bmp
0110000110011000000100011110000000011110000000011100000000010000000000011000000000000000000000000000000000000000000000001	Scout_ハイド.bmp
0110000110011010000100011110000000011110000000011110000000010000000000011000000000000000000000000000000000000000000000001	Scout_ハイド_S.bmp
0110001111100110000011100111000000110111100000110111110000010111110000010111110000010111110000010111110000010111100000110	Fencer_イレイスマジック.bmp
0110001111100110000011100111000000110111100000110111110000110111110000110111110000110111110000110111110000110111110000110	Fencer_イレイスマジック_S.bmp
0110011101100110011100100100111110000100111111100010011001100100011000110000111010110000100110110001100110110001001100100	Cestus_通常攻撃_S.bmp
0110011101100110011100100100111110000100111111100010011001100100011000110000111010110000100110110001100110110001001100100	Cestus_通常攻撃.bmp
0110011110001110011111101000110011100001111110000111111100001110001101100110001111000010100110010000110100010001100000010	Sorcerer_メテオインパクト.bmp
0110101011000100111001100100011101000100011101000100001101100100001101100100001101100110001101100110001101100110001101100	Scout_ドッジシュート_S.bmp
0110101011000100111001100100011101000100011101000100001101100100001101100100001101100110001101100110001101100110001101100	Scout_ドッジシュート.bmp
0110110110010110010110001010101010111100011110100010011001100001111001100001110101111100110001111100110011101010110110101	Scout_レッグブレイク_S.bmp
0111000000010011000000010001000000010101000000010110010000010111011000010101101100010100110110010110011000100110001111100	Scout_イーグルショット.bmp
0111000110001111000100000111000100110111100100100111001000100111000000100110000000100110001000110111111000110001111100110	Scout_ガードブレイク.bmp
0111000110110011001101110011011001110011000000110011000000111101000010101111100001001001001110010100011100010000011000110	Warrior_シールドバッシュ.bmp
0111000110110011001111110011011001110011000000110011000100111101100010101111100011001001001110010100011100010000111000110	Warrior_シールドバッシュ_S.bmp
0111001000000111000000100110000011100110010011100111010001100111100001100111111001100110111100100110001100001100000110011	Cestus_ソリッドストライク.bmp
0111001000100111000000100110010011100110010011100111010001100111101001100111111000100110111100100110011100001100000110011	Cestus_ソリッドストライク_S.bmp
0111001110001100011111001000111000100000110000110110110000110000111000110000011110010111001100011111111000110101110000110	Sorcerer_ライトニングスピア.bmp
0111001110011100011111001000111001100100110000110110110000110000111000110000011110000111001100001101111000101101110000100	Sorcerer_ライトニングスピア_S.bmp
0111010000100011110100110110111100111100111000111000110000010100110000111000011000011011001110011011100011110001100000111	Warrior_ヘビースマッシュ_S.bmp
0111010000110111001000110001000010011100100001111110000000110011000000010101100000010110110000010110011000000011101111000	Scout_パワーシュート.bmp
0111010100110000110100110000001110110010000100110110000100100110001100100110001100101110101100101110011100111100011100011	Warrior_ソリッドウォール_S.bmp
0111011000000111011000000011011000100010010001010010010000110010011000110000001001110000001001100110000101100110000111100	Sorcerer_グラビティキャプチャー_D.bmp
0111011000000111011000100011011000110010010000110000011000110010011000110000011001110000001001101110000101100110000111100	Sorcerer_グラビティキャプチャー.bmp
0111011000100111011000100011011000110010010000110010011000110010011000110000011001110100001001101110000101100110000111100	Sorcerer_グラビティキャプチャー_S.bmp
0111011100010011111000010000111100110000011111101100001111010110000110010011000111101011101001001100110011010011111100010	Scout_通常攻撃_S.bmp
0111100010011111000001001110000001101100000011110000000111110000001111100000011111100000111111100011111111110011111110011	Scout_スウィープキャノン.bmp
0111100011100111000111001100011110010000111000100011100110100111001111100111001111100011100011110000111001101100011110110	Fencer_ヴィガーエイド.bmp
0111100011100111000111100110001111101100001111001000011111000000111110000101111100100111111000100111111000100111110001101	Warrior_ソニックブーム_S.bmp
0111100100000111101101101101100101100101110000000111110000010111100000110111110000110110111001110110111001110011111101100	Scout_ファストショット_S.bmp
0111100100000111101101101101100101100101110000010111110010010111100000110111110001110110111001110110111001110011111001100	Scout_ファストショット.bmp
0111100110000011101100000111101100000011101100010000011000010000011000010000001000010001001110000011101100000011101100001	Warrior_スラムアタック.bmp
0111101010010011100011000001100111100000101111100100101011100100001111100100001111100000001111110001001111010001011111110	Sorcerer_ライトニング.bmp
0111110011100111000111001100011110010000111000100011100111100111001111100111001111100011100011110000111001101100011110110	Fencer_ヴィガーエイド_S.bmp
0111110011110001110001110001000101111100001000111100011000111100111000111100111000111001110100010001110100010011111000110	Cestus_アースバインド_S.bmp
0111110011110011110001110001000001111100001000111100011000111100111000111100111000111001110100010001110100010011111000110	Cestus_アースバインド.bmp
0111111000100011011000110001011000110101000100110110010010110111011000110101101100010100110010010110011000100110001110100	Scout_イーグルショット_S.bmp
0111111000100101111101000100111101001101101110000111001100100110001111101100011101101100110101101001100110101010001110001	Warrior_スマッシュ.bmp
0111111000100110111101001100111101001101101110000111001100101110001111101100011101101100111101101001100110101011001110001	Warrior_スマッシュ_S.bmp
0111111000100111111101000100001101010110011110010100110010011001100111101011001101101110011101101100011110101100011011001	Warrior_クランブルストーム.bmp
0111111100010001111000010000111100110000011111101100001111010110000110010011000111101011101001001100110011010001111100010	Scout_通常攻撃.bmp
0111111110000111111110100111110011100111100001101111000100101110001110011100011100010000111000010001110000110011100000110	Scout_ピアッシングシュート.bmp
0111111110100001111100110000011100110000111110000100001111001100010111101010010000110011011000111101001100110011010010101	Cestus_ノックインパクト.bmp
0111111110100001111100110000111100100000011110000100101111001100011111101010011000110011001000111101011100110011010010101	Cestus_ノックインパクト_S.bmp
0111111110100111111010100101111100101100111110101110001110100111000111100111100010100111110000100110111000100100011110000	Scout_パワーシュート_S.bmp
1000000111100011001001100111001000101111001100011101001110010001001111101101001110101001001111100001001111100001001111100	Fencer_オブティンプロテクト.bmp
1000001111101000000111101000000010101000011010101101000111101101000100101011100011100111100001100111100000110111100000100	Fencer_ストライクダウン.bmp
1000001111101000000111101000100010101000011010101101000111101101000000111000110010010101100011100111100000100111100000100	Fencer_ストライクダウン_S.bmp
1000110010011001100001110001100001110001100000110011100011010111100011010111111010010110101100011101111100010101111000010	Sorcerer_ファイアランス_D.bmp
1001000011100011001001100111001000101111001100011101001110010001001111100111001111101001001111100001001111100001001111100	Fencer_オブティンプロテクト_S.bmp
1001011011001001011001001111011000001111011000011111011000011111011000011111011000011111010000011011010010011001010011011	Warrior_アタックレインフォース.bmp
1001011011001001011011001011011001001011011001011011011001001011011001010011011001110011010001111011010011011001010011001	Warrior_アタックレインフォース_S.bmp
1001100000100011000010100111011000101110011001101100110001111000000010110000001100110000000000110000000111110000001101110	Cestus_ホーネットスティング.bmp
1001100010010011000001010110000001101100000011110000000111110000001111100000011111100000111111100011111111110011111111001	Scout_コメットキャノン_S.bmp
1001100010010011000001010110000001101100000011110000000111110000001111100000011111100000111111100011111111110011111111001	Scout_コメットキャノン.bmp
1001100010010011000001010110000001101100000011110000000111110000001111100000011111100000111111100011111111110011111111001	Scout_バーストキャノン.bmp
1001100010010011000001010110000001101100000011110000000111110000001111100000011111100000111111100011111111110011111111001	Scout_バーストキャノン_S.bmp
1001100010100011000010100111011000101110011001101100110001111000000010110000001100110000000000110000000111110000000010110	Cestus_ホーネットスティング_S.bmp
1001100111101001000111000110011010001100111110011000101111110001100011100001100011110001100011110001000011110001000111100	Sorcerer_エレキドライブ_S.bmp
1001100111101001100111000110011000001100001110011001100011110011100001100011000001110010001011010001000011110001000011100	Sorcerer_エレキドライブ.bmp
1001100111101001100111000111011000001100001110001001100001110011001001100110001100110110001100011110001100011110001001100	Sorcerer_エレキドライブ_D.bmp
1001101110001001100111000001101110100101101110101001101100001001110000100011100011100011001111000001101111000000111111000	Sorcerer_アイスボルト.bmp
1001101110010001100111000001101110100101101110101001101100001001110000100011100011100011001111000001101111000000011111000	Sorcerer_アイスボルト_S.bmp
1001110010011001110001010001110001100011110000110011110011010111110011010111101010000110101110001101111100011101111000011	Sorcerer_ファイアランス.bmp
1001111111000001101111000010101111000011001111000001001111000100100000110001011100110101011110100001001110010001001110010	Sorcerer_アイスターゲット.bmp
1010011000110110001000110110000000110100100000110100000000100100000000110100000010110100000011010100010001100101011000100	Sorcerer_レーザーブラスト.bmp
1011000111101011000110010110001010011110011010011110011110010100001110010001101100010100110000011100110010011110000110010	Cestus_タワードミネーション.bmp
1011000111101011000110010110001010011110011010111110011010010100001110010001101100010100110000011100110010011110000110010	Cestus_タワードミネーション_S.bmp
1011100011010111001110011110011100010000111000110011110000110101100000111100100000111101010000111001011000110010101000011	Sorcerer_ジャッジメントレイ.bmp
1011101101011110110011010110011001110011001100111001101010011001110010011100101010011100110011001110011011000111001111100	Cestus_ドレインクロー_S.bmp
1011111001100111110011100111100111101111001111001110011110001100111100001101111000101111111000100100011000100100110000100	Scout_アローレイン_S.bmp
1100000000110100000000111100000000110100000000110101100000110000100000110000010100110000011110110000001111010000000111110	Sorcerer_通常攻撃.bmp
1100000000110100000010111100000000110100000010110101100000110000110000110000111110110000001110110000001111010000000111110	Sorcerer_通常攻撃_S.bmp
1100000100111011100100110000100100111100010100111100000110010000001110101100001111101110001011111110001100111111001000111	Scout_ホワイトバレット_S.bmp
1100000100111011100100110000100100111100010100111100100110010000001110101100001111011110001001111110001110111110001100111	Scout_ホワイトバレット.bmp
1100001010101110000111101001001110100011100111100100101111101100011110001110001110001110101110001110100110000111000110010	Scout_ヴァイパーバイト_S.bmp
1100001100000110011000110011000000110001000001100000000001100000000011100100000111100000000011100000010011100000011000100	Sorcerer_レーザーブラスト_S.bmp
1100001100100100001100110000001100110000001100110000001100110001001100110001001100110000001110110000001110110000001110101	Cestus_ショックウェイブ_S.bmp
1100001110011100001110011100101110010001110011100010000101100100010110001100110110001100010110001100110110001000100111011	Scout_パワーブレイク_S.bmp
1100001110101110000111101001001110100011100111100100101111101100011110101110001110001110101110001110100110000111000110010	Scout_ヴァイパーバイト.bmp
1100010110001110100100010111001000010011100001101011100111000111000111000100000011100100000011110000110001111000011001101	Scout_ダガーストライク.bmp
1100010110001110100100010111001000100010110001101111100101000111000111000100000011100100110001110000111000111000001101101	Scout_ダガーストライク_S.bmp
1100011000110100011000110100011000110100011000110110011100110110001100110111001100110001001100010001100100010000110001111	Scout_パニッシングストライク_D.bmp
1100011000110101001100010001001110011001000111000110010011100111001001110011100100010001110010010011011000110001101111100	Scout_ブレイズショット.bmp
1100011011101000000111100001101110100001011110100110011100100100111000000101110000100111000000100110000001001100000000011	Warrior_エクステンブレイド_S.bmp
1100011011101100000111100001100111100001011110100110011101100100111000000101110000100111000000100110001001001100000000011	Warrior_エクステンブレイド.bmp
1100011110001010010011001001001001100111001000110011000001101100000110001100000110010100000010100011001001101011011000111	Sorcerer_フリージングウェイブ_D.bmp
1100011110001010010111001011011011100111001000110011001001101100100110001100100110010100100011100011001001101011001000111	Sorcerer_フリージングウェイブ.bmp
1100011110011010010111001011011011100011001001110001001001101100000110001100000110010100000011100011001001101011001000111	Sorcerer_フリージングウェイブ_S.bmp
1100100110100100110110110110110010010110110010010011001001100100100111101100011110101100011100101000011001101000011001101	Cestus_インテンスファイ.bmp
1100110000110101000110110001000111011001000111101110010011100111001001110011100100010001110010010011011000100001101111100	Scout_ブレイズショット_S.bmp
1100110110001001100110001011011011001110110011000110111010000100111111101101111110101100110001101100111001001101111000011	Sorcerer_ヘルファイア_D.bmp
1100110110100101111011001101111001100001111100100001111000000001111000100001111000100101111010100100111011101100111111101	Fencer_リバースキック.bmp
1100110110100101111011001101111001100101111100100001111010000001111000100001111001100001111011101100111011101100111111101	Fencer_リバースキック_S.bmp
1101000011011011000100010001001000111100010000111000100010110000000010111100001000111110001100111110001110111110001100111	Scout_クラッシュショット.bmp
1101000011011011000110010001001100111100010000111100100000110000000100111100001000111110001010111110001100111111001000111	Scout_クラッシュショット_S.bmp
1101000110011011011100010001011000111100010001111100100110110000001110111100001010111110001100111110001110111110001100111	Scout_フリックショット.bmp
1101000110011011011110010001011100111100000000111100000010110000000100111100001010111110001010111110001100111111001000111	Scout_フリックショット_S.bmp
1101001001011011010001011011000000111100000110011100000110011001100010111100011001101110011001101110001101001111001110001	Scout_ラッシュバレット_S.bmp
1101001001011011011001011011000000111100000110011100000110010001000010111100011001101110011101101110001100001110001110111	Scout_ラッシュバレット.bmp
1101001110011001001110010001001111000011001111000001001111000100100000101101011100110101001110100001001110000101001110010	Sorcerer_アイスターゲット_D.bmp
1101011010011100101000010101110000011000100000111011000000110101000000111010000000110001100000110001110000110010111000010	Sorcerer_ジャッジメントレイ_D.bmp
1101100110100100110110110110110010010110110010010011001001100100110111101100011110101100011100101000011001101001011001101	Cestus_インテンスファイ_S.bmp
1101110001111001100101010011010100000111001100100111001000110111101001111001100001111110000101111100000101110001001000111	Cestus_ハームアクティベイト_S.bmp
1101110001111001100101110011010101000111001100100111001000110111101001111001100101111110000101111100000111110001000010111	Cestus_ハームアクティベイト.bmp
1101111010011001110001010001110001100011110000110011110011010111110011000111101010000110101110001101111110001101111000001	Sorcerer_ファイアランス_S.bmp
1110000000110000000001110001011111101000110000111100011110111000011110110001111110110001100100111100001111111100011110111	Cestus_エナジースフィア.bmp
1110000000110000000001110001011111101000110000111100011110111000011110110001111110110001100110111100001111111100011110111	Cestus_エナジースフィア_S.bmp
1110001000011100001110011100100110011001100011110010001101100100000110001100100110001100010110001100110110001000100111011	Scout_パワーブレイク.bmp
1110001100001110001110000111110111100010110001110000111010110101110010110110110011110011110001110001110001101100110111101	Scout_ヴォイドダークネス_S.bmp
1110001100001110001110000111110111100010110001110000111010110101110010110110110011110011110001110001110001101100110111101	Scout_ヴォイドダークネス.bmp
1110001100101110001100101100001100101100001100101100001100101001001100101001001100111000001100110000001110101000001110101	Cestus_ショックウェイブ.bmp
1110001110101100011110011000111010010001110000010011010000100110100001101110100011101000000111000100001110001100011100001	Warrior_フォースインパクト.bmp
1110001111101100011110011000111010010001110000010011010000100110100001101110100011101100000111000100001110001100011110001	Warrior_フォースインパクト_S.bmp
1110010000001101011001110011001001110011001000110111001000101110001000101110001000011110101000011110011100011100011100011	Warrior_エンダーペイン.bmp
1110010010001011010000110011000000110111000000111111001110001111000100001111100000111111100000111111100010000111100011000	Warrior_アークスタンプ.bmp
1110010010001011010000110011000000110111000000111111001110001111000100001111100000111111100000111111100010000111100011000	Warrior_アークスタンプ_S.bmp
1110010010100111110100010111111100011100111000011000110011110100110001111000011000111011001110011011100010110001110000111	Warrior_ヘビースマッシュ.bmp
1110011110101100010111100000110011100001110110000111101100001110001101100010001111000010100110100000110100010001100100010	Sorcerer_メテオインパクト_D.bmp
1110011110101110011111100000110011100001111110000111111100001110001101100110001111000010100110010000110100010001100000010	Sorcerer_メテオインパクト_S.bmp
1110101100010110011000110111011000110111010000010100010100010110011010010111001010010011101100010011100101011001110010001	Scout_エアレイド.bmp
1110101100010110011000110111011000110111110000110100010000110110011010010111001000010111101100010011100100011001110010001	Scout_エアレイド_S.bmp
1111000001101111000111100110010111101100111111001100011110001100001110001100001110001100101100111000111100110001011000110	Cestus_ゲイザースマッシュ.bmp
1111000011101111000011100110010111101100111111001100011110001100011110001100001110001100001100111000111100110000111000110	Cestus_ゲイザースマッシュ_S.bmp
1111000110001111000100000111000100110111100100100111011000100111000000100110000000100110001000110111111000110001111100110	Scout_ガードブレイク_S.bmp
1111001110001110010011101100100000110000100000010100110000010000111000010000011100010001011000010101110000010100100000010	Sorcerer_ライトニングスピア_D.bmp
1111001111001111111111001111111110000111111100100111111000000111110100000101111110000111111110001000101101001100001101100	Warrior_ストライクスマッシュ_S.bmp
1111001111001111111111001111111110000111111100100111111000010111110000010101111110010111101110011000101111001100001101100	Warrior_ストライクスマッシュ.bmp
1111010001100101100101000111001110001110001100101100011001101101110011101011100110010011011100000110111000001111110000100	Fencer_フラッシュスティンガー.bmp
1111011001101101011011001011000110001111001100101101011001100001100011100111100110100111111100001110111010001101111000000	Warrior_ドラゴンテイル.bmp
1111011001101101011011001011000110001111001100101101011001100001100011100111100110100111111100001110111010001101111000000	Warrior_ドラゴンテイル_S.bmp
1111011001101101011011001011000111001111001100011101010100110001100110000111101110000111111100001110111000001101111000100	Warrior_クラックバング_S.bmp
1111011101101101011011001011000111001111001100011101010100110001100110000111101110000111111100001110111000001101111000100	Warrior_クラックバング.bmp
1111100010011111000001001110000001101100000011110000000111110000001111100000011111100000111111100011111111110011111110011	Scout_スウィープキャノン_S.bmp
1111101000001101101001101011011001100011011000100111101000101110101000111110100000011100000000011100010100011100011100011	Cestus_エンダーレイド.bmp
1111101010100111101010001101010001001101110000100101101010100101100010111000000110111000010110100001100011100011100011100	Cestus_エンダーレイド_S.bmp
1111110000001101111001110011001001110011001000110111001000101110001000101110001000011110101000011100011100011100011100011	Warrior_ソリッドウォール.bmp
1111110001110101100101010111001110010110011100111100011001101001110011100011100110010011011100000110111000001111110000100	Fencer_フラッシュスティンガー_S.bmp
1111111000100110111101000101001101010110011110010100110000001001100111101011001101101110011101101100111010101100111011001	Warrior_クランブルストーム_S.bmp
1111111000111111100000110100010000110101011100110100111110011111100010011001100011010001111111000111000111100111000111001	Fencer_ラピッドファンデヴ.bmp
1111111000111111100000110100100000110100011100010100111100011111100010011001100011010001111111000111001111101111101111001	Fencer_ラピッドファンデヴ_S.bmp
1111111100101110111000101100000100101100001010001000001111000100101110010010111110010001101110011001110110011001111010011	Sorcerer_詠唱.bmp
	
