000000000000000000000000000000000000000000000000000000000000000001000000000010000000000000000000000000000000000000000000000000000000	Cestus_ハードレインフォース_S.bmp
000000000000000000000000000000000000000000000000000000000000000001000000000010000000000000000000000000000000000000000000000000000000	Cestus_ハードレインフォース.bmp
000000000000000000000000000000000000000000000001111000101111110011011111110010111100000111111110111111100001110000000111100000000000	Scout_ポイズンブロウ.bmp
000000000000000000000000000000000000000000010000001111101101111111000111111110011111111101111111111111111111111111111111100000000000	Warrior_アサルトエッジ_S.bmp
000000000000000000000000000000000000000000010000001111101101111111000111111110011111111101111111111111111111111111111111100000000000	Warrior_アサルトエッジ.bmp
000000000000000000000000000000000000000100000111111111111111111111111111111101111111110011110011000111111111111101111110000000000000	Warrior_ベヒモステイル.bmp
000000000000000000000000000000000000000100000111111111111111111111111111111111111111111011110011000111111111111100111110000000000000	Warrior_ベヒモステイル_S.bmp
000000000000000000000000000000100000000001000000000000100000000001000000000000111111110111111111101111111111101111111111000000000000	Warrior_エンダーペイン_S.bmp
000000000000000000000000000001000111000011001111100110011111111000011100000000100000000000000000000000000000001000000000000000000000	Fencer_テンペストピアス.bmp
000000000000000000000000010000000001000000000110001000111011111111100000001000000000000001111111111111111111110011100111100000000000	Fencer_通常攻撃_S.bmp
000000000000000000000000011000000001101111110111111111111111111111111111111110000000000001111111100111111111000011000111000000000000	Fencer_通常攻撃.bmp
000000000000000000000100000000011000000000110000000001100000000011000000000110000000001100000000011000000000110000000001100000000000	Scout_スパイダーウェブ.bmp
000000000000000000000100000000011000000000110000000001100000000011000000000110000000001100000000011000000000110000000001100000000000	Scout_スパイダーウェブ_S.bmp
000000000000000000100000000000000010000000011110000011111111001111111111111111111111111111111011111011110111111111111111100000000000	Sorcerer_フレイムサークル.bmp
000000000000000000100000000000000010000001011111110111111111001111111111111111111001111111110001111011110111111111101111100000000000	Sorcerer_フレイムサークル_D.bmp
000000000000000001100100000000000010000000011110000011111111001111111111111111111111111111111111111011111111111111111111100000000000	Sorcerer_フレイムサークル_S.bmp
000000000000000010110011100111111011111111010111001100001100110000111011000010111100001001100000101000000011111101111111100000000000	Warrior_ブレイズスラッシュ_S.bmp
000000000001000000001011000000010110010000101101110011011111101100111111011001111111110011111111100011111111000011111100100000000000	Fencer_エリアルフォール.bmp
000000000001000000001011000000010110010000101101110011011111101100111111011001111111110011111111100011111111000011111100100000000000	Fencer_エリアルフォール_S.bmp
000000000010000000000100000000000000001000000000001000000001100001000011000010000000000100000000011000000000010000000000000000000000	Warrior_ガードレインフォース.bmp
000000000010000000000100000000000000001000010000001000000001100001000011000010000000000100000000011000000000010000000000000000000000	Warrior_ガードレインフォース_S.bmp
000000000010000000111111111111111111111111001111111100000000011000111111110000000111000000011110000001111000000011100000000000000000	Sorcerer_ブリザードカレス_D.bmp
000000000110000000000011101011110111111111101111111111011111111110111111111101111111110011111111100000000011000000000000000000000000	Sorcerer_レーザーブラスト_D.bmp
000000000110000000011100100001110001001111001111111100001111110000011111111000111101111001110000000011000000001111100000100000000000	Scout_ポイズンショット_S.bmp
000000001000000000001000000000011000000000110000000001100000000011000000000010000000000100000000111000000000110000000000000000000000	Sorcerer_ライトニング_S.bmp
000000001000000000011010000001111111111111111111111111111111111111000000000111000000011100000000111000000000110000000011100000000000	Sorcerer_サンダーボルト.bmp
000000001001000000011010000001111111100011110110000100110000000000000000000110000000011100000000111000000000110000000011100000000000	Sorcerer_サンダーボルト_S.bmp
000000001110000000011100000000111000000000110000000001101101100000000000000000000000110100000001111000000001100000000010000000000000	Sorcerer_アイスターゲット_S.bmp
000000001110000000011100000001110001001111001111111100001111110000011111111001111111111011110000010110000000001000000000000000000000	Scout_ポイズンショット.bmp
000000001110000000111100111011111011111111100111111110100011110001001111011110111101111111110111111110000000000000000000000000000000	Scout_トゥルーショット_S.bmp
000000001110001000000000011100000000100000000000000000100000001111000000111110000000111100000000111000000000010000000000000000000000	Fencer_アクセラレーション.bmp
000000001110001000000000011100000000100000000000000000100000001111000000111110000000111100000000111000000000010000000000000000000000	Fencer_アクセラレーション_S.bmp
000000011000000000100000000001000000000011000000000010001111110001000000000000000000000000011111111111111111111111111111100000000000	Fencer_フィニッシュスラスト.bmp
000000011110111111111111111100000100000000000000000000000000000000110000000001100000000000000000000000000001110111111111100000000000	Cestus_サイクロンディザスター_S.bmp
000000011110111111111111111100000100000000000000000000000000000000110000000001100000000000000000000000000001110111111111100000000000	Cestus_サイクロンディザスター.bmp
000000100000000011100001111111111111111111111111111101111100110000100001111110000111100100110001111111111111111111111111100000000000	Warrior_通常攻撃.bmp
000000100000000011100001111111111111111111111111111111111100111111100011111110000111100100110001111111111111111111111111100000000000	Warrior_通常攻撃_S.bmp
000000100000000011111111111111111111111111110111111110001111110001111011000111111100011101101000111000000011001101111111000000000000	Warrior_ブレイズスラッシュ.bmp
000000110001110001100011111111111111110111111110000111101000000110000000011100000001111010001111110110011111111000000000000000000000	Sorcerer_詠唱_S.bmp
000000111100000000110001111100111011111000111111100000111100000000100000000000000001100000000111100000111111110111111111100000000000	Scout_ピアッシングシュート_S.bmp
000000111110000000001000000111001110111111111111111111111111111111111111111111100000011111111111111111111111110111111111100000000000	Sorcerer_サンダーボルト_D.bmp
000000111110000000111100000011111000000111110000011100000011110000001111000000111101100011110111100110000000000000000000000000000000	Scout_トゥルーショット.bmp
000001000000001100000000111001111011100111111110011111111111111111100000011000000000000001111110000111111000000011000000000000000000	Fencer_デュアルストライク_S.bmp
000001000000001111111100111111111011111111111111111111111111111111111111111000000000000001111100000111110000000011000000000000000000	Fencer_デュアルストライク.bmp
000001000110011001001111111011111110011011111000010111100000101101001111111110000010000100000000000111111001111111111111100000000000	Scout_アームブレイク.bmp
000001010000000000000000000000000000000000000000000000001111111101011111111011111111110111111111100111111111101111011111000000000000	Warrior_ソリッドウォール_S.bmp
000001100110000111111111111111111111111111111111111111111101111100111111110000111111000000000110000010011100000001110000000000000000	Scout_アローレイン.bmp
000010000000000000000000100100000000000010001001111111111110001111000100010001110110000111111111111000100100010000000000000000000000	Scout_レッグブレイク.bmp
000010001100111101111111111111111000001110000000011000001011111111111111111111111011111110000010000100000000001111110111100000000000	Sorcerer_ジャッジメントレイ_S.bmp
000011110000011111111101111111111111111111111111111111111111111111111111100001111111011111111111111011111111110000011100000000000000	Fencer_シャイニングクロス.bmp
000011110000011111111101111111111111111111111111111111111111111111111111100001111111111111111111111011111111110000011100000000000000	Fencer_シャイニングクロス_S.bmp
000011111110000000000100000000000111000000001100000000011000000000110000100001000011100000000111000000000000000001000000000000000000	Cestus_アースバインド.bmp
000011111110000000000100000000000111000000001100000000011000000000110000100001000011100000000111000000000000000001000000000000000000	Cestus_アースバインド_S.bmp
000011111110001111111101111111111111111111111111111111000000001100000011110000111111100100111110010011111111001111111110000000000000	Warrior_ソニックブーム.bmp
000100001000000000000000000000000000000000000000000000011111111111111111111111000000111000000001000000000110000000011000100000000000	Warrior_シールドバッシュ.bmp
000100001010000000000000000000000000000000000000000000011111111111111111111111000000111000000001000000000110000000011000100000000000	Warrior_シールドバッシュ_S.bmp
000110000000000000001101111111111111110011000100000100000000011110111111111110000111111100011111111001111111110111111111100000000000	Sorcerer_ブリザードカレス_S.bmp
000110000000000000011101111111111111111111000110000100000000011000111111110000000111100000011110000001111000000111110000000000000000	Sorcerer_ブリザードカレス.bmp
000110111101001101100001000000000111111111001111111011011111100010000000000001110000001011110000011011110101110111110111100000000000	Cestus_ドレインクロー.bmp
000110111110000000110000000000000000000010010000000000000000000000000000000010000000000000000000111000000101110010011101100000000000	Warrior_ソードランページ.bmp
000111101100000000001000000000011000000000110000000001100000000011000000000010000000000100000000011000000000110000000000000000000000	Sorcerer_ライトニング.bmp
000111101110001111001100011110001011111100000000111000000000110000000001000000000000000011001100101111111000001111100000000000000000	Sorcerer_アイスジャベリン_D.bmp
000111110000010000010011100000011110000000111100000001111000000011010000000110110000011101000000100100000000000000000000000000000000	Cestus_シャットアウト_S.bmp
000111111110000000110000000001000010000110110000000000000000000000000000000010000000000000000000111000000101110110011111100000000000	Warrior_ソードランページ_S.bmp
000111111110001111111100111111001011111110010000111100000000110000000001100000000000000011001100101111111100111111110000000000000000	Sorcerer_アイスジャベリン.bmp
001000011110111100001101111110000011111111000011111110001111111100011111111000111111110001111111100001111111000111111110000000000000	Fencer_イレイスマジック.bmp
001000011110111100001101111110000011111111000111111110001111111100011111111000111111110001111111100001111111000111111110000000000000	Fencer_イレイスマジック_S.bmp
001001011000000000000011111111101111101111110000000000100000010011000000010001100010000011100100011111011011111110111111100000000000	Scout_レッグブレイク_S.bmp
001100000000001000000000010000000010110000000111110000000111111000000111111000000111110001100111111011100111110111110011100000000000	Scout_イーグルショット.bmp
001100000000111100000011111000000111111000001111110000011111100000001111000001110000000011100000000011000000000110000000000000000000	Scout_クイックビート.bmp
001100000000111100000011111000000111111000001111110000011111100000011111000001111000000011110000000011110000000111000000000000000000	Scout_クイックビート_S.bmp
001101111110011011111100010111001000000000000000000000000000000000000000000000000000000001110000001011000000110000000001100000000000	Sorcerer_グラビティキャプチャー_D.bmp
001110000000000000110000011011100000000111101000000000000000011000000000000000000001111000010011100000000000001001100000000000000000	Warrior_スラムアタック_S.bmp
001110000110011000011101100001111110000011111000000111100000011110000011111110011111111100111111111011111111111111111111100000000000	Warrior_ソニックブーム_S.bmp
001111011000111111111011111111111111111111111111111111111111111111111111111111111111111011111111000111000001000000000011100000000000	Fencer_ペネトレイトスラスト.bmp
001111011000111111111111011111111011111111100111111110001111111000011111110000010111100000001111000000011110000001100000100000000000	Scout_ファストショット.bmp
001111011000111111111111011111111011111111110111111111001111111100011111110000011111100100001111000000011110000001110001100000000000	Scout_ファストショット_S.bmp
001111011000111111111111111111111111111111111111111111111111111111111111111111111111111011111111000111100001101000001011100000000000	Fencer_ペネトレイトスラスト_S.bmp
001111011110001100111100011011111000010111110000000000000000011000000000000000000001111100111011111000110011111001110111100000000000	Warrior_スラムアタック.bmp
001111111000111000011011100000011110000000111100000001111000000011010000000110110000011101000000100100000000000000000000000000000000	Cestus_シャットアウト.bmp
001111111110000011111100000000000000000000001110000011001110000100001111001111111111001111000110010000000111000000001000000000000000	Scout_通常攻撃.bmp
001111111110000011111100000000000000000000001110000011001110000110001111001111111111001111101110010000000111000000001000000000000000	Scout_通常攻撃_S.bmp
001111111110001111110000101111000111001110001100011000001000100000110001111001000000111110000000000000000000001000000000000000000000	Warrior_ヘビースマッシュ_S.bmp
001111111110001111111100011111100011111111000111111010000111111000000111111000000111110000100111111000000111110111110111100000000000	Scout_イーグルショット_S.bmp
001111111110001111111100111111111001111111111000111100000000111000000001100001000100000011001111101111111111111111111001100000000000	Sorcerer_アイスジャベリン_S.bmp
001111111110011011111100010111101000001100000000000000000000000000000000000000000000000011110000001011000000110000000001100000000000	Sorcerer_グラビティキャプチャー_S.bmp
001111111110011011111100010111101000001100000000000000000000000000000000000000000000000011110000001011000000110000000001100000000000	Sorcerer_グラビティキャプチャー.bmp
010000000000000000000000000001000111000011001111100110011111111100011100000000101000000000000000000000000000001000000000000000000000	Fencer_テンペストピアス_S.bmp
010000011000100000111011000001111111100011111011100111100011001100000110001100001100000000000000100000000011000000000110000000000000	Sorcerer_ファイア.bmp
010000011110000000110100000000100000000011110000000111100001100000000000000000000000000000000001101111100011111110000111100000000000	Fencer_フィニッシュスラスト_S.bmp
010011000111111111001100000000011000000001100000000011000000111101001111111110000011110100000000000110001000101111111111100000000000	Scout_アームブレイク_S.bmp
011000000000000000000000000000000000000000000001111000001111000001011110000010111000000111111110111111100001110000000111100000000000	Scout_ポイズンブロウ_S.bmp
011000000100110011101101100011011011000110110110001100101000001001000000010010000000100100000000001000000000010000000000100000000000	Scout_ドッジシュート_S.bmp
011000000110110011101101100011011011000110110110001100101000001001000000010010000000100100000000001000000000010000000000100000000000	Scout_ドッジシュート.bmp
011000011000100000111011010001111111100011111011100111100011001100000110001100001100000000000000100000000011000000000110000000000000	Sorcerer_ファイア_S.bmp
011000011100000000011100000000011000000000010000000000100000000001000000000010000000000100000000001000000000000000000000000000000000	Sorcerer_スパークフレア_D.bmp
011000011110000000011100000000011000000000000000000000000000000001000000000000000000000100000000001000000000010000000000000000000000	Sorcerer_スパークフレア.bmp
011000011110000000011100000000011000000000000000000000000000000001000000000010000000000100000000001000000000010000000000000000000000	Sorcerer_スパークフレア_S.bmp
011011111001111111111111111111111111111111110000111111100000011111111111111111111111111111111111010110011111101110111111000000000000	Sorcerer_ヘルファイア.bmp
011011111001111111111111111111111111111111110000111111100000011111111111111111111111111111111111010110011111101110111111000000000000	Sorcerer_ヘルファイア_S.bmp
011100111000110001110001110011100011100111000111001110000110011100000100000000000000000000000000000000000000001111111011100000000000	Scout_パニッシングストライク.bmp
011100111000110001110001110011100011100111000111001110000110011100000100010000000000000000000000000000000000001111111011100000000000	Scout_パニッシングストライク_S.bmp
011100111101110001111110000111001000001100000000011100000000000000000000001100001111111111111111111111111111110011111110100000000000	Sorcerer_ライトニングスピア_S.bmp
011100111110110001111101111111111010000001110000000000100000000000000000000000000000000000000000000000000000000001000100100000000000	Cestus_通常攻撃.bmp
011100111110110001111101111111111010000001110000000000100000000000000000000000000000000000000000000000000000000001001100100000000000	Cestus_通常攻撃_S.bmp
011101111111111011111110000000011000011111110111111111111111111111001100001110000000010000000000000000000000000011110000000000000000	Sorcerer_メテオインパクト.bmp
011111000110111100011111100001111000000100000000111111101111111111011111111110000111111100000010000110000011010011000001100000000000	Fencer_ヴィガーエイド_S.bmp
011111000110111100011111100001111000000100000000111111101111111111011111111110000111111100000010000110000011010011000001100000000000	Fencer_ヴィガーエイド.bmp
011111011001111111110011111111100111111111101111111111000000000000111111111110000000000000000000000000000000001111111111000000000000	Scout_ハイド.bmp
011111011101111111110011111111100111111111101111111111000000000000111111111110000000000000000000000000000000001111111111100000000000	Scout_ハイド_S.bmp
011111100000001000000000000000000110000000001111100000000111110000010111111000110011110001110111111000110011110000100011100000000000	Scout_パワーシュート.bmp
011111111010111111111101111111111011111100110111111101101111111111011111111110111111111101111111111111111111101111111111000000000000	Cestus_ソリッドストライク_S.bmp
011111111110000001100000000011000000000111000000000111111100000111101000000000000000000011011111111000111111011111111111100000000000	Cestus_ノックインパクト.bmp
011111111110000001111100000001001000000111110000000111111100000111101000000000000000000011011111111000111111011111111111100000000000	Cestus_ノックインパクト_S.bmp
011111111110000011111101101111111111111111110111111111101110011111111001111111110111111111111000111111100001111110000001100000000000	Warrior_スマッシュ.bmp
011111111110000111111100000011110001000111100000011111010011111111111110011111111000111111100011111110000111111100001101100000000000	Warrior_クランブルストーム.bmp
011111111110000111111111111111111111111111110111111111111111011111111101111111111111111111111111111111111111111111111111100000000000	Warrior_スマッシュ_S.bmp
011111111110001111111100001111111110001111111111111111101111111111001111111110001111110100000111111000000111110111000111100000000000	Scout_パワーシュート_S.bmp
011111111110111111100101111100001011111000010111111000101111110001011111111110111111111101111111111111111111101111111111000000000000	Cestus_ソリッドストライク.bmp
011111111110111111111101111111111011111111111111111111111110001100110000000000000000000000000110000000111100000011110000000000000000	Scout_ピアッシングシュート.bmp
011111111111111111001111111000001111000000000000000000000000000000000000000110000001111100000011111000000000001000111110000000000000	Scout_スウィープキャノン.bmp
011111111111111111111101111111100011111111010111111110101111110001011111100010111111100000111111100000001111000000011100000000000000	Scout_ガードブレイク.bmp
011111111111111111111111111111001000001000000000010000000000000000000000001000001111110011111111000011111100000011110000000000000000	Sorcerer_ライトニングスピア.bmp
100000000101001001001011111111110111111111101111111111011111111110111111111101111111111011111111110100111101101001011001100000000000	Warrior_アタックレインフォース.bmp
100000000110000000000100110011000111111111101111001111000010000111011100111111001000111100000000011000000000010000000000100000000000	Fencer_オブティンプロテクト_S.bmp
100000000110000000000100110011000111111111101111001111000010000111111100111111001000111100000000011000000000010000000000100000000000	Fencer_オブティンプロテクト.bmp
100000000111000000001010000010010100100100101001011001010010110010000101100000001011000010010110010100101100111001011001100000000000	Warrior_アタックレインフォース_S.bmp
100100000111011100111001110000100111111111001111111111000000000100000000000000100011000011111110000111111111000000000000000000000000	Cestus_タワードミネーション.bmp
100100011111011100111001110000100111111111001111111111001000000100000000000000100111000011111110000111111111000000000000000000000000	Cestus_タワードミネーション_S.bmp
100110011100001100111100011001111000110011111001111111110011111111000010000110001000011100000000111000000001110000000111100000000000	Sorcerer_アイスボルト_S.bmp
100111111010011111110001111111111111111111111111111111111100000000000000000000000000000000000000000000000000000000000000000000000000	Cestus_ホーネットスティング_S.bmp
100111111100111101111011111111100000001110000000010000001011100000111111000001111010000010000000000000000000001101100100000000000000	Sorcerer_ジャッジメントレイ.bmp
101000100000000000000000000000001000000000000000000000000000000000000000000000000000000000000000000000000000000111111100000000000000	Sorcerer_レーザーブラスト.bmp
110000000000000000000000000000000000000000000000000000000000000000000000000000000000000000000000000000000000001000000000000000000000	Cestus_ショックウェイブ_S.bmp
110000000000100000000011100000000011100000000000000000000000000000000000000000000000000000000000000000000000000000000000000000000000	Sorcerer_通常攻撃.bmp
110000000000110000000011110000000011100000000000000000000000000000000000000000000000000000000000000000000000000000000000000000000000	Sorcerer_通常攻撃_S.bmp
110011101001000110000000001100000000111000000011110000000111100000001111111000111111110011111111100011111110000111111100000000000000	Sorcerer_ファイアランス_D.bmp
110011101001000111001000011100001000111000000011110000000111110110001111111110111111111011111111110111111111101111111111000000000000	Sorcerer_ファイアランス.bmp
110011110001000110000000011101000001111111110111111111101111110000111110000001110000000011100000000000000000001000000000000000000000	Cestus_ハームアクティベイト.bmp
110011110001000110000000011101000011111111110111111110101111110000111110000001110000000011100000000000000000001000000000000000000000	Cestus_ハームアクティベイト_S.bmp
110011111001001111101000011110001000111100000011111000000111111111001111111110111111111111111111111111111111111111111111100000000000	Sorcerer_ファイアランス_S.bmp
111000000000000000000000010000000110100000000111110000000111111000000011110000000011110000000011100000000001110000000011100000000000	Scout_ブレイズショット.bmp
111000111111100000001111100000111111100000011111100001111111111111111111111110011100000100111100000001111100000011111111100000000000	Fencer_ストライクダウン.bmp
111001110000001000000000010000000100100000001111110001100111111000000111111000000011110000000011101000000001110000000011100000000000	Scout_ブレイズショット_S.bmp
111010110000111111100000111111000011111110000110000000001110110100001111111100001111111000001101000100011111111110111111100000000000	Scout_エアレイド.bmp
111010111000111111100000111111000011111110000110000000001110010000001110111100001100111000001001110100011001111110111011100000000000	Scout_エアレイド_S.bmp
111011111001111111111110111111111111111111110000011111100000011111111111111111111111111111001111010110011111101110111111000000000000	Sorcerer_ヘルファイア_D.bmp
111100010001000000000000000000000110000000001100000000000000000000111000000001111000000011110000000111100000001000000000000000000000	Scout_ホワイトバレット.bmp
111100010001000000000000000000000110000000001100000000000000000000111100000001111000000011110000000111100000001100000000000000000000	Scout_ホワイトバレット_S.bmp
111100111000110001100001100011100011000111000110001110000110011100000100000000000000000000000000000000000000001111111011100000000000	Scout_パニッシングストライク_D.bmp
111100111101111010011110110011111000100100000000000000011000000100111000011100000000000100010010001101110110001101111011000000000000	Sorcerer_フリージングウェイブ.bmp
111100111101111010011111110011111000100100000000000000011000000100111000011100000000000100000000001100100100001101111011000000000000	Sorcerer_フリージングウェイブ_D.bmp
111100111111100000001111100000001111000000011111100001111111111111111111111110000100000100111100000000111100010001111111100000000000	Fencer_ストライクダウン_S.bmp
111101111111100000011100000000111000000011110000001111101101111111000111111110011111111101111111111111111111111111111111000000000000	Warrior_エクステンブレイド_S.bmp
111101111111111010011111111111111000100100000000000000011000000100111000011100000000000100010010001100100110001101111011000000000000	Sorcerer_フリージングウェイブ_S.bmp
111101111111111011111100000000011000011111110011111111111111111111001100001110000000000000000000000000000000000011110000000000000000	Sorcerer_メテオインパクト_D.bmp
111101111111111011111100000000011000011111110111111111111111111111001100001110000000010000000000000000000000000011110000000000000000	Sorcerer_メテオインパクト_S.bmp
111110011111000100011100111111100111111111111111111111100000000000000000000000011111110011111111110111111110110101111000100000000000	Sorcerer_エレキドライブ_D.bmp
111110011111101100011100110111100111111111111100000011100000000000000000000000000000000000000000000000000000010000000001100000000000	Sorcerer_エレキドライブ.bmp
111110111111111000011110010000111000000001110100000111111110111111111111111111111111111111111111111011111111110000000000000000000000	Scout_ヴァイパーバイト.bmp
111110111111111000111011000000000000000000000000000000001111110011111111101111110000111101100001111111000111111100011111100000000000	Warrior_フォースインパクト_S.bmp
111110111111111000111011000000000000000000000000000000001111110011111111101111110000111101100001111111000111111100011111100000000000	Warrior_フォースインパクト.bmp
111111000000111100000001111000000011100000001110001001111000100111000000001110000000110001111111111111111111110011111010100000000000	Fencer_フラッシュスティンガー_S.bmp
111111001000000000000001100000000111000000000000000000000000000000000000000110000001111100000011111000000000001000111111000000000000	Scout_コメットキャノン.bmp
111111001000000000000001100000000111000000000000000000000000000000000000000110000001111100000011111000000000001000111111000000000000	Scout_バーストキャノン_S.bmp
111111001000000000000001100000000111000000000000000000000000000000000000000110000001111100000011111000000000001000111111000000000000	Scout_バーストキャノン.bmp
111111001000000000000001100000000111000000000000000000000000000000000000000110000001111100000011111000000000001000111111000000000000	Scout_コメットキャノン_S.bmp
111111011110100110010001100100100000000000000000000000100000000111111111111111110011110111000011011100000110111110001101100000000000	Cestus_インテンスファイ_S.bmp
111111011110100110010001100100100000000000000000000000100000000111111111111111111011110111000011011100000110111110001101100000000000	Cestus_インテンスファイ.bmp
111111100000000000000000000000000110001110011110000000011000000000000000000000000000000011100000000111000000001100000000000000000000	Cestus_エナジースフィア_S.bmp
111111100000000000000000000000000110001110011110000000011000000000000000000000000000000011100000000111000000001100000000000000000000	Cestus_エナジースフィア.bmp
111111111000111111100100010000001000000000010000000000100000000001000000000010000000000100000000001000000000010111111110100000000000	Sorcerer_レーザーブラスト_S.bmp
111111111010011111010001111111111111111111111111111111111000000000000000000000000000000000000000000000000000000000000000000000000000	Cestus_ホーネットスティング.bmp
111111111101000000000000000000000110000000001100000000000000000000111000000001111000000011110000000111100000001000000000000000000000	Scout_クラッシュショット.bmp
111111111101000000100000000000000110000000001100000000000000000000111000000001111000000011110000000111100000001000000000000000000000	Scout_フリックショット.bmp
111111111101011111000010110000000111000011001100000111000000000000111101100011111001101111110001111111100001001000000000000000000000	Scout_ラッシュバレット.bmp
111111111101011111000010110000000111000011001100000111010000000000111111100011111111101111110011111111100011111100000111100000000000	Scout_ラッシュバレット_S.bmp
111111111101110111100001001110000111111000001111100000000000000000111100000000000100000000000100000000000000000000000000000000000000	Sorcerer_ジャッジメントレイ_D.bmp
111111111101111100111000111111101001111110111111111111101111111111011111111110000000000100000000000110000000001111000111000000000000	Scout_ダガーストライク_S.bmp
111111111101111111111000111111110001111110111111100111101110000111011100000110000000000100000000000110000000001111100111100000000000	Scout_ダガーストライク.bmp
111111111101111111111011111111111100000000010000000000001000000100111000011001110000111111000000111110000001101000000001000000000000	Scout_パワーブレイク.bmp
111111111110000000011100000000111000000000110000000001101111110000000000010000000000110100000001111000000001100000000010000000000000	Sorcerer_アイスターゲット.bmp
111111111110000111111100010011110011000111100000011111010011111111111110011111111111111111111111111111111111111111111101100000000000	Warrior_クランブルストーム_S.bmp
111111111110011111011101111101111111110111111111011111111101111111111111111111111111111100000111111010011111110001111111100000000000	Scout_アローレイン_S.bmp
111111111110101111111111011111111000011111110000111111100001111111000011111110000111111101001111111111011111111110111111100000000000	Fencer_リバースキック.bmp
111111111110111111111100111111000111001100001100010000001000000000110000100001000000110010000000000000000000001100000000000000000000	Warrior_ヘビースマッシュ.bmp
111111111110111111111101111111111111111111111111111111111111111111100110011110000000100001111111111111111111110011111110100000000000	Fencer_フラッシュスティンガー.bmp
111111111110111111111111011111111000011111110000111111100001111111000011111110000111111111001111111111011111111110111111100000000000	Fencer_リバースキック_S.bmp
111111111110111111111111111111111111111111110100000000001000000101100000001001000000000000000000001000010000010000110000100000000000	Cestus_エンダーレイド_S.bmp
111111111111000000000000000000000110000000001100000000000000000000111100000001111000000011110000000111100000001100000000000000000000	Scout_クラッシュショット_S.bmp
111111111111000000110000000000000110000000001100000000000000000000111100000001111000000011110000000111100000001100000000000000000000	Scout_フリックショット_S.bmp
111111111111111000011110011000111000000001110100000111111110111111111111111111111111111111111111111011111111110000000000000000000000	Scout_ヴァイパーバイト_S.bmp
111111111111111100000000000000000000000011000111111110011111110110110000000100000001111101111000011011110000111111111111100000000000	Fencer_ラピッドファンデヴ.bmp
111111111111111110000001000000000000000011000111111110011111111110110000000100000001111101111111111111111111111111111111100000000000	Fencer_ラピッドファンデヴ_S.bmp
111111111111111110111100100110100111001111111000000001100000000000000000000000000000000000000000000000000000010000000011100000000000	Sorcerer_エレキドライブ_S.bmp
111111111111111111001111111000001111000000000000000000000000000000000000000110000001111100000011111000000000001000111110000000000000	Scout_スウィープキャノン_S.bmp
111111111111111111011000000000000000000110001000101010011001100000110010000001110010011111110110111011111111110111110111100000000000	Cestus_ドレインクロー_S.bmp
111111111111111111101100000000000000000000000111111100011111111111111111111001111111110011111111100111111111101111011111000000000000	Warrior_エンダーペイン.bmp
111111111111111111101100000000000000000000000111111100011111111111111111111001111111110011111111100111111111101111011111000000000000	Warrior_ソリッドウォール.bmp
111111111111111111111100000000111000000000010000001111101101111111000111111110011111111101111111111111111111111111111111000000000000	Warrior_エクステンブレイド.bmp
111111111111111111111100000000111000000000110000000001100000000000111111111110000001111100000001111000000011100111111111000000000000	Sorcerer_アイスターゲット_D.bmp
111111111111111111111100011011111000110011111001111111110011111111000010000110001000011100000000111000000001110000000111100000000000	Sorcerer_アイスボルト.bmp
111111111111111111111100111110000011111100001111100111011111111111111111110011111111000011111111111001111111110111111111100000000000	Warrior_アークスタンプ.bmp
111111111111111111111100111110000011111100001111100111011111111111111111111011111111000011111111111001111111110111111111100000000000	Warrior_アークスタンプ_S.bmp
111111111111111111111100111111111000001000110000000000000001100000000011000000000000000000000000000110000001111111111111100000000000	Scout_ヴォイドダークネス_S.bmp
111111111111111111111100111111111000001000110000000000000001100000000011000000000000000000000000000110000001111111111111100000000000	Scout_ヴォイドダークネス.bmp
111111111111111111111101111111101011111111010111111110101111110001011111100010111111110100111111100000001111000000011100000000000000	Scout_ガードブレイク_S.bmp
111111111111111111111101111111111111111111111110001111111000001111110000011111100000111111000000000000000000000000000000000000000000	Cestus_ゲイザースマッシュ.bmp
111111111111111111111101111111111111111111111110001111111000001111110000011111100000111111000000000000000000000000000000000000000000	Cestus_ゲイザースマッシュ_S.bmp
111111111111111111111110111111001001111110000111111100011111111111111111111001111111110011111111100111111111101111111111100000000000	Cestus_エンダーレイド.bmp
111111111111111111111111110011111111000010011111000100111000001001110000000001100000000000000000000100000000001000000000000000000000	Cestus_ショックウェイブ.bmp
111111111111111111111111111111001000000000000000000000000000010000000000010000001111000001111100000011110000000001100000000000000000	Sorcerer_ライトニングスピア_D.bmp
111111111111111111111111111111110000000000010000000000001000000100111011011111110000111111100000111110000001101000000001000000000000	Scout_パワーブレイク_S.bmp
111111111111111111111111111111111011111111110111111110000111111100010111111100000101111011000001111111100011110111100011100000000000	Warrior_ストライクスマッシュ.bmp
111111111111111111111111111111111011111111110111111111100111111111010111111110000111111111000011111111110111110111110111100000000000	Warrior_ストライクスマッシュ_S.bmp
111111111111111111111111111111111111111111111111000111101000000110000000011100000001111010001111110110011111101000000000000000000000	Sorcerer_詠唱.bmp
111111111111111111111111111111111111111111111111111110000011111100001111111110111111111111111111111111111111110111111111100000000000	Warrior_クラックバング.bmp
111111111111111111111111111111111111111111111111111110000011111100001111111110111111111111111111111111111111110111111111100000000000	Warrior_クラックバング_S.bmp
111111111111111111111111111111111111111111111111111111100011111111001111111110111111111111111111111111111111110111111110000000000000	Warrior_ドラゴンテイル_S.bmp
111111111111111111111111111111111111111111111111111111100011111111001111111110111111111111111111111111111111110111111110000000000000	Warrior_ドラゴンテイル.bmp
	
